Nombre,Latitud,Longitud,Distancia_KM,Precio_Calculado,Colonia_Detectada_Google,Municipio,Estado
"1Ro De Mayo",16.2822425,-92.0309926,11.89,70,"1 de Mayo","Primero de Mayo","❌ FUERA_DE_COMITAN"
"1RO DE MAYO",16.232353,-92.125961,2.37,50,"Belisario Domínguez Primera Sección","Comitán de Domínguez","⚠️  SOSPECHOSA"
"1ro. de Mayo",16.2822425,-92.0309926,11.89,70,"1 de Mayo","Primero de Mayo","❌ FUERA_DE_COMITAN"
"20 de Noviembre",16.2486411,-92.1585314,2.27,50,"Veinte de Noviembre","Comitán de Domínguez","✅ OK"
"20 De Noviembre",16.2486411,-92.1585314,2.27,50,"Veinte de Noviembre","Comitán de Domínguez","✅ OK"
"20 DE NOVIEMBRE",16.234575,-92.141283,1.83,45,"Primero de Mayo","Comitán de Domínguez","⚠️  SOSPECHOSA"
"20 de Noviembre 2a Sección",16.231036,-92.1316554,2.26,50,"Belisario Domínguez Primera Sección","Comitán de Domínguez","✅ OK"
"27 de Junio",16.2586586,-92.1125019,2.80,50,"Los Desamparados","Comitán de Domínguez","⚠️  SOSPECHOSA"
"27 De Junio",16.2586586,-92.1125019,2.80,50,"Los Desamparados","Comitán de Domínguez","⚠️  SOSPECHOSA"
"27 DE JUNIO",16.2586586,-92.1125019,2.80,50,"Los Desamparados","Comitán de Domínguez","⚠️  SOSPECHOSA"
"28 de Agosto",16.2337119,-92.1447176,2.03,50,"28 de Agosto","Comitán de Domínguez","✅ OK"
"28 De Agosto",16.2337119,-92.1447176,2.03,50,"28 de Agosto","Comitán de Domínguez","✅ OK"
"7 Esquinas",16.2347403,-92.1339541,1.80,45,"Belisario Domínguez Primera Sección","Comitán de Domínguez","⚠️  SOSPECHOSA"
"9 Estrellas",16.2179329,-92.1147256,4.37,60,"Los Sabinos","Chichimá Acapetahua","❌ FUERA_DE_COMITAN"
"Abelardo L. Rodríguez",16.2347403,-92.1339541,1.80,45,"Belisario Domínguez Primera Sección","Comitán de Domínguez","⚠️  SOSPECHOSA"
"Ajayaxh",16.3093032,-92.1935453,8.86,70,"N/A","Ajayaxch","❌ FUERA_DE_COMITAN"
"Ampliación Bugambilias",16.2179329,-92.1147256,4.37,60,"Los Sabinos","Chichimá Acapetahua","❌ FUERA_DE_COMITAN"
"Arboledas",16.239174,-92.1165533,2.56,50,"Los Sabinos","Comitán de Domínguez","⚠️  SOSPECHOSA"
"ARBOLEDAS",16.239174,-92.1165533,2.56,50,"Los Sabinos","Comitán de Domínguez","⚠️  SOSPECHOSA"
"Arenal",16.2393876,-92.1284535,1.57,45,"El Arenal","Comitán de Domínguez","✅ OK"
"ARENAL",16.2393876,-92.1284535,1.57,45,"El Arenal","Comitán de Domínguez","✅ OK"
"Barrio",16.2347403,-92.1339541,1.80,45,"Belisario Domínguez Primera Sección","Comitán de Domínguez","⚠️  SOSPECHOSA"
"Barrio El 25",16.2347403,-92.1339541,1.80,45,"Belisario Domínguez Primera Sección","Comitán de Domínguez","⚠️  SOSPECHOSA"
"BARRIO EL 25",16.250113,-92.121589,1.69,45,"Bonampak","Comitán de Domínguez","⚠️  SOSPECHOSA"
"Belisario",16.2443499,-92.1337627,0.80,45,"Puente Hidalgo","Comitán de Domínguez","⚠️  SOSPECHOSA"
"BELISARIO",16.2443499,-92.1337627,0.80,45,"Puente Hidalgo","Comitán de Domínguez","⚠️  SOSPECHOSA"
"Belisario Dominguez",16.2443499,-92.1337627,0.80,45,"Puente Hidalgo","Comitán de Domínguez","⚠️  SOSPECHOSA"
"Belisario Domínguez",16.2313205,-92.1266126,2.43,50,"Belisario Domínguez Primera Sección","Comitán de Domínguez","✅ OK"
"Bella Vista",16.2368261,-92.1600791,2.86,50,"Bosques de Comitán","Comitán de Domínguez","⚠️  SOSPECHOSA"
"Bellavista",16.2179329,-92.1147256,4.37,60,"Los Sabinos","Chichimá Acapetahua","❌ FUERA_DE_COMITAN"
"BELLAVISTA",16.2179329,-92.1147256,4.37,60,"Los Sabinos","Chichimá Acapetahua","❌ FUERA_DE_COMITAN"
"Bethel",16.2347403,-92.1339541,1.80,45,"Belisario Domínguez Primera Sección","Comitán de Domínguez","⚠️  SOSPECHOSA"
"BETHEL",16.2347403,-92.1339541,1.80,45,"Belisario Domínguez Primera Sección","Comitán de Domínguez","⚠️  SOSPECHOSA"
"Bonampak",16.2431301,-92.1217041,1.87,45,"Yalchivol","Comitán de Domínguez","⚠️  SOSPECHOSA"
"BONAMPAK",16.2431301,-92.1217041,1.87,45,"Yalchivol","Comitán de Domínguez","⚠️  SOSPECHOSA"
"Bosques",16.2347403,-92.1339541,1.80,45,"Belisario Domínguez Primera Sección","Comitán de Domínguez","⚠️  SOSPECHOSA"
"BOSQUES",16.2347403,-92.1339541,1.80,45,"Belisario Domínguez Primera Sección","Comitán de Domínguez","⚠️  SOSPECHOSA"
"Bosques de Comitán",16.2379796,-92.1588384,2.68,50,"Bosques de Comitán","Comitán de Domínguez","✅ OK"
"Bosques de Comitán 2a Sección",16.2379796,-92.1588384,2.68,50,"Bosques de Comitán","Comitán de Domínguez","✅ OK"
"Bosques de Comitán 3a Sección",16.2382022,-92.1550008,2.33,50,"N/A","Comitán de Domínguez","⚠️  SOSPECHOSA"
"Buenavista",16.228925,-92.1456384,2.57,50,"Buenavista","Comitán de Domínguez","✅ OK"
"Bugambilias",16.2668895,-92.134897,1.83,45,"Bugambilias","Comitán de Domínguez","✅ OK"
"Burócratas",16.2431301,-92.1217041,1.87,45,"Yalchivol","Comitán de Domínguez","⚠️  SOSPECHOSA"
"Cajcam",16.2654666,-92.0483099,9.65,70,"N/A","Cajcam","❌ FUERA_DE_COMITAN"
"Calzada el Panteón",16.2378561,-92.1345902,1.45,45,"La Pileta","Comitán de Domínguez","⚠️  SOSPECHOSA"
"Candelaria",16.2487898,-92.1437968,0.71,45,"Candelaria","Comitán de Domínguez","✅ OK"
"CANDELARIA",16.24819,-92.144353,0.79,45,"Candelaria","Comitán de Domínguez","✅ OK"
"Cash",16.2639561,-92.0971693,4.54,60,"N/A","Cash","❌ FUERA_DE_COMITAN"
"Cedro",16.2322026,-92.1475299,2.31,50,"Los Robles","Comitán de Domínguez","⚠️  SOSPECHOSA"
"CEDRO",16.224982,-92.132526,2.90,50,"Colinas del Sol","Comitán de Domínguez","⚠️  SOSPECHOSA"
"Cerrito",16.2388133,-92.1358427,1.32,45,"Calzada el Panteón","Comitán de Domínguez","⚠️  SOSPECHOSA"
"CERRITO",16.2388133,-92.1358427,1.32,45,"Calzada el Panteón","Comitán de Domínguez","⚠️  SOSPECHOSA"
"Cerrito Concepción",16.2510552,-92.1194033,1.92,45,"Cerrito Concepción Segunda Sección","Comitán de Domínguez","✅ OK"
"Cerrito de la Concepcion",16.2347403,-92.1339541,1.80,45,"Belisario Domínguez Primera Sección","Comitán de Domínguez","⚠️  SOSPECHOSA"
"Cerrito Nitre",16.2512588,-92.1174095,2.14,50,"Cerrito Concepción Segunda Sección","Comitán de Domínguez","✅ OK"
"Chacaljocom",16.2983565,-92.1855573,7.39,70,"N/A","Chacaljocom","❌ FUERA_DE_COMITAN"
"Chichima",16.2163718,-92.1146489,4.52,60,"Chichima","Comitán de Domínguez","✅ OK"
"Chichima Acapetahua",16.2072118,-92.1000163,6.26,70,"N/A","Comitán de Domínguez","⚠️  SOSPECHOSA"
"CHICHIMA ACAPETAHUA",16.2072118,-92.1000163,6.26,70,"N/A","Comitán de Domínguez","⚠️  SOSPECHOSA"
"Chichimá Acapetahua",16.2072118,-92.1000163,6.26,70,"N/A","Comitán de Domínguez","⚠️  SOSPECHOSA"
"Chichima Benito Juárez",16.2285751,-92.1069816,4.07,60,"Los Sabinos","Comitán de Domínguez","⚠️  SOSPECHOSA"
"Chichima Concepción",16.2151383,-92.1278398,4.07,60,"Chichima Concepción","Comitán de Domínguez","✅ OK"
"Chichima Guadalupe",16.2049101,-92.1217041,5.35,60,"N/A","Comitán de Domínguez","⚠️  SOSPECHOSA"
"CHICHIMA GUADALUPE",16.233687,-92.142222,1.95,45,"Popular Comitán","Comitán de Domínguez","⚠️  SOSPECHOSA"
"Chichimá Guadalupe",16.2049101,-92.1217041,5.35,60,"N/A","Comitán de Domínguez","⚠️  SOSPECHOSA"
"Chilcas",16.253317,-92.1164427,2.26,50,"Cerrito Concepción Segunda Sección","Comitán de Domínguez","⚠️  SOSPECHOSA"
"CHILCAS",16.253317,-92.1164427,2.26,50,"Cerrito Concepción Segunda Sección","Comitán de Domínguez","⚠️  SOSPECHOSA"
"COL ESMERALDA",16.264458,-92.136522,1.54,45,"N/A","Comitán de Domínguez","⚠️  SOSPECHOSA"
"COL LUIS DONALDO COLOSIO",16.2387,-92.1455,1.58,45,"Luis Donaldo Colosio","Comitán de Domínguez","✅ OK"
"Colinas del Sol",16.2242429,-92.1361245,2.93,50,"Miguel Alemán","Comitán de Domínguez","⚠️  SOSPECHOSA"
"Colonia",16.2347403,-92.1339541,1.80,45,"Belisario Domínguez Primera Sección","Comitán de Domínguez","⚠️  SOSPECHOSA"
"Colosio",16.2347403,-92.1339541,1.80,45,"Belisario Domínguez Primera Sección","Comitán de Domínguez","⚠️  SOSPECHOSA"
"Comitan Colonial",16.2377997,-92.1586585,2.68,50,"Bosques de Comitán","Comitán de Domínguez","✅ OK"
"COMITAN COLONIAL",16.22165,-92.1333,3.25,50,"La Salud","Comitán de Domínguez","⚠️  SOSPECHOSA"
"Comitán Colonial",16.2377997,-92.1586585,2.68,50,"Bosques de Comitán","Comitán de Domínguez","✅ OK"
"Comitlan",16.2347403,-92.1339541,1.80,45,"Belisario Domínguez Primera Sección","Comitán de Domínguez","⚠️  SOSPECHOSA"
"COMITLAN",16.22165,-92.1333,3.25,50,"La Salud","Comitán de Domínguez","⚠️  SOSPECHOSA"
"Comitlán",16.2347403,-92.1339541,1.80,45,"Belisario Domínguez Primera Sección","Comitán de Domínguez","⚠️  SOSPECHOSA"
"Concepción Bella Vista",16.2271152,-92.1428761,2.68,50,"N/A","Comitán de Domínguez","⚠️  SOSPECHOSA"
"Concepción Yocnajab",16.2454652,-92.0711158,7.10,70,"N/A","Concepción Yocnajab","❌ FUERA_DE_COMITAN"
"Corrala",16.1651329,-92.0561037,12.87,70,"N/A","San Juan Copalar","❌ FUERA_DE_COMITAN"
"Cristóbal Colon",16.2436628,-92.1419553,0.91,45,"Cristóbal Colon","Comitán de Domínguez","✅ OK"
"Cruz de Phastón",16.2347403,-92.1339541,1.80,45,"Belisario Domínguez Primera Sección","Comitán de Domínguez","⚠️  SOSPECHOSA"
"Cruz Grande",16.256882,-92.143183,0.93,45,"Cruz Grande","Comitán de Domínguez","✅ OK"
"CRUZ GRANDE",16.238557,-92.116389,2.61,50,"Los Sabinos","Comitán de Domínguez","⚠️  SOSPECHOSA"
"Cruz Grande 2a Sección",16.256882,-92.143183,0.93,45,"Cruz Grande","Comitán de Domínguez","✅ OK"
"Cueva",16.2486908,-92.1536193,1.74,45,"La Cueva","Comitán de Domínguez","✅ OK"
"Cumpatá",16.2334336,-92.1358176,1.92,45,"Cumpata","Comitán de Domínguez","✅ OK"
"Desamparados",16.2513682,-92.1063683,3.31,50,"N/A","Comitán de Domínguez","⚠️  SOSPECHOSA"
"DESAMPARADOS",16.23215,-92.122437,2.60,50,"Belisario Domínguez Primera Sección","Comitán de Domínguez","⚠️  SOSPECHOSA"
"Doctor Manuel Velasco Suárez",16.1310882,-92.2279714,16.44,70,"N/A","Doctor Manuel Velasco Suárez","❌ FUERA_DE_COMITAN"
"Efraín A Gutiérrez",16.3445363,-92.1996909,12.38,70,"N/A","Efraín A. Gutiérrez","❌ FUERA_DE_COMITAN"
"Ejido",16.2347403,-92.1339541,1.80,45,"Belisario Domínguez Primera Sección","Comitán de Domínguez","⚠️  SOSPECHOSA"
"El Arenal",16.2393876,-92.1284535,1.57,45,"El Arenal","Comitán de Domínguez","✅ OK"
"El Bethel",16.2406579,-92.1115818,2.97,50,"Colonia El Bethel","Comitán de Domínguez","✅ OK"
"El Cedro",16.2632568,-92.1306012,1.58,45,"El Cedro","Comitán de Domínguez","✅ OK"
"El Cerrito Nitre 2a Sección",16.2397962,-92.1559718,2.32,50,"San Vicente Buenavista","Comitán de Domínguez","⚠️  SOSPECHOSA"
"El Chumis",16.2454727,-92.1447176,0.97,45,"Candelaria","Comitán de Domínguez","⚠️  SOSPECHOSA"
"El Durazno",16.408474,-92.2570389,21.71,70,"N/A","Las Rosas","❌ FUERA_DE_COMITAN"
"El Herraje",16.2377329,-92.1468661,1.75,45,"La Esmeralda","Comitán de Domínguez","⚠️  SOSPECHOSA"
"EL HERRAJE",16.2377329,-92.1468661,1.75,45,"La Esmeralda","Comitán de Domínguez","⚠️  SOSPECHOSA"
"El Jordán",16.261252,-92.1289137,1.49,45,"Linda Vista María Guadalupe","Comitán de Domínguez","⚠️  SOSPECHOSA"
"El Laurel",16.2393092,-92.1113777,3.05,50,"Los Sabinos","Comitán de Domínguez","⚠️  SOSPECHOSA"
"El Milagro",16.2179329,-92.1147256,4.37,60,"Los Sabinos","Chichimá Acapetahua","❌ FUERA_DE_COMITAN"
"El Mirador",16.2575615,-92.1487078,1.43,45,"El Mirador","Comitán de Domínguez","✅ OK"
"El Pedregal",16.2179329,-92.1147256,4.37,60,"Los Sabinos","Chichimá Acapetahua","❌ FUERA_DE_COMITAN"
"El Piedrón",16.245,-92.131,0.92,45,"San Sebastián","Comitán de Domínguez","⚠️  SOSPECHOSA"
"El Rosario",16.2391412,-92.1530054,2.10,50,"El Rosario","Comitán de Domínguez","✅ OK"
"EL ROSARIO",16.243085,-92.118968,2.14,50,"Las Chilcas","Comitán de Domínguez","⚠️  SOSPECHOSA"
"El Rosario Yocnajab",16.2319021,-92.1419553,2.14,50,"Popular Comitán","Comitán de Domínguez","⚠️  SOSPECHOSA"
"Entronque Chichima",16.2163718,-92.1146489,4.52,60,"Chichima","Comitán de Domínguez","✅ OK"
"ENTRONQUE CHICHIMA",16.2163718,-92.1146489,4.52,60,"Chichima","Comitán de Domínguez","✅ OK"
"Esmeralda",16.2350509,-92.1193129,2.59,50,"Los Sabinos","Comitán de Domínguez","⚠️  SOSPECHOSA"
"Esthela Morales",16.2373428,-92.1440252,1.64,45,"El Herraje","Comitán de Domínguez","⚠️  SOSPECHOSA"
"FOVISSSTE Chiapas 94",16.2349874,-92.1457918,1.95,45,"Estela Morales","Comitán de Domínguez","⚠️  SOSPECHOSA"
"FOVISSSTE las Flores",16.2349874,-92.1457918,1.95,45,"Estela Morales","Comitán de Domínguez","⚠️  SOSPECHOSA"
"Fovisste",16.2349874,-92.1457918,1.95,45,"Estela Morales","Comitán de Domínguez","⚠️  SOSPECHOSA"
"FOVISSTE",16.2349874,-92.1457918,1.95,45,"Estela Morales","Comitán de Domínguez","⚠️  SOSPECHOSA"
"FRACC 28 DE AGOSTO",16.239756,-92.159441,2.64,50,"Pashtón Acapulco","Comitán de Domínguez","⚠️  SOSPECHOSA"
"FRACC 9 ESTRELLAS",16.2179,-92.1147,4.37,60,"Los Sabinos","Chichimá Acapetahua","❌ FUERA_DE_COMITAN"
"FRACC LAS FLORES",16.239708,-92.149686,1.79,45,"Flores","Comitán de Domínguez","✅ OK"
"FRACC LOS LAGOS",16.2269,-92.1152,3.54,50,"Los Sabinos","Comitán de Domínguez","⚠️  SOSPECHOSA"
"FRACC LOS PINOS",16.240762,-92.131008,1.29,45,"Calzada el Panteón","Comitán de Domínguez","⚠️  SOSPECHOSA"
"FRACC MAYA",16.2446,-92.1539,1.88,45,"Maya","Comitán de Domínguez","✅ OK"
"FRACC PRADO",16.2383,-92.154,2.24,50,"Bosques de Comitán 3a Sección","Comitán de Domínguez","⚠️  SOSPECHOSA"
"FRACC TERRAZAS",16.2409,-92.1237,1.82,45,"Yalchivol","Comitán de Domínguez","⚠️  SOSPECHOSA"
"FRACC TUCANES",16.2347,-92.134,1.80,45,"Cumpata","Comitán de Domínguez","⚠️  SOSPECHOSA"
"Fraccionamiento",16.2347403,-92.1339541,1.80,45,"Belisario Domínguez Primera Sección","Comitán de Domínguez","⚠️  SOSPECHOSA"
"Francisco J Mújica",16.0522199,-92.2180598,23.68,70,"N/A","Francisco J. Mújica","❌ FUERA_DE_COMITAN"
"Francisco Sarabia",16.1580599,-92.1041699,10.88,70,"N/A","Francisco Sarabia","❌ FUERA_DE_COMITAN"
"Gas Villatoro",16.2594141,-92.1325248,1.11,45,"El Cedro","Comitán de Domínguez","⚠️  SOSPECHOSA"
"GAS VILLATORO",16.2594141,-92.1325248,1.11,45,"El Cedro","Comitán de Domínguez","⚠️  SOSPECHOSA"
"Guadalupe",16.250204,-92.1399414,0.27,45,"Guadalupe","Comitán de Domínguez","✅ OK"
"GUADALUPE",16.233687,-92.142222,1.95,45,"Popular Comitán","Comitán de Domínguez","⚠️  SOSPECHOSA"
"Guadalupe Quistaj",16.2116013,-92.0383407,11.43,70,"N/A","Guadalupe Quistaj","❌ FUERA_DE_COMITAN"
"Hidalgo",16.2841141,-92.2119846,8.79,70,"N/A","Hidalgo","❌ FUERA_DE_COMITAN"
"Infonavit",16.2456672,-92.1436434,0.86,45,"INFONAVIT","Comitán de Domínguez","✅ OK"
"INFONAVIT",16.2456672,-92.1436434,0.86,45,"INFONAVIT","Comitán de Domínguez","✅ OK"
"INFONAVIT Belisario Domínguez",16.2456672,-92.1436434,0.86,45,"INFONAVIT","Comitán de Domínguez","✅ OK"
"Jacarandas",16.2431301,-92.1217041,1.87,45,"Yalchivol","Comitán de Domínguez","⚠️  SOSPECHOSA"
"Jatón",16.2179329,-92.1147256,4.37,60,"Los Sabinos","Chichimá Acapetahua","❌ FUERA_DE_COMITAN"
"Jerusalem",16.2625523,-92.127533,1.70,45,"Jerusalén","Comitán de Domínguez","⚠️  SOSPECHOSA"
"Jerusalen",16.2625523,-92.127533,1.70,45,"Jerusalén","Comitán de Domínguez","✅ OK"
"JERUSALEN",16.243338,-92.113501,2.68,50,"Yalchivol","Comitán de Domínguez","⚠️  SOSPECHOSA"
"Jesusito",16.2347,-92.134,1.80,45,"Cumpata","Comitán de Domínguez","⚠️  SOSPECHOSA"
"JESUSITO",16.23215,-92.122437,2.60,50,"Belisario Domínguez Primera Sección","Comitán de Domínguez","⚠️  SOSPECHOSA"
"Jocote",16.2431301,-92.1217041,1.87,45,"Yalchivol","Comitán de Domínguez","⚠️  SOSPECHOSA"
"Jordan",16.261252,-92.1289137,1.49,45,"Linda Vista María Guadalupe","Comitán de Domínguez","⚠️  SOSPECHOSA"
"JORDAN",16.261252,-92.1289137,1.49,45,"Linda Vista María Guadalupe","Comitán de Domínguez","⚠️  SOSPECHOSA"
"Joyas del Pedregal",16.231513,-92.1441037,2.24,50,"Joyas de Pedregal","Comitán de Domínguez","✅ OK"
"Juan Sabines Guerrero",16.1909384,-92.0852135,8.66,70,"N/A","Juan Sabines Guerrero","❌ FUERA_DE_COMITAN"
"Jusnajab",16.2347403,-92.1339541,1.80,45,"Belisario Domínguez Primera Sección","Comitán de Domínguez","⚠️  SOSPECHOSA"
"La Coca",16.2086484,-92.1273253,4.79,60,"Chichima Guadalupe","Comitán de Domínguez","⚠️  SOSPECHOSA"
"LA COCA",16.263052,-92.133932,1.43,45,"Tepeyac","Comitán de Domínguez","⚠️  SOSPECHOSA"
"La Cueva",16.2486908,-92.1536193,1.74,45,"La Cueva","Comitán de Domínguez","✅ OK"
"LA CUEVA",16.2486908,-92.1536193,1.74,45,"La Cueva","Comitán de Domínguez","✅ OK"
"La Esperanza",16.169577,-92.052428,12.79,70,"N/A","San Juan Copalar","❌ FUERA_DE_COMITAN"
"La Floresta",16.5097199,-92.3105599,34.23,70,"N/A","La Floresta","❌ FUERA_DE_COMITAN"
"La Merced",16.2179329,-92.1147256,4.37,60,"Los Sabinos","Chichimá Acapetahua","❌ FUERA_DE_COMITAN"
"La Palmira",16.4401699,-92.302607,27.48,70,"N/A","Palmira","❌ FUERA_DE_COMITAN"
"La Pileta",16.2408086,-92.1333628,1.17,45,"La Pileta","Comitán de Domínguez","✅ OK"
"LA PILETA",16.244952,-92.132921,0.79,45,"Puente Hidalgo","Comitán de Domínguez","⚠️  SOSPECHOSA"
"La Pilita Seca",16.2570419,-92.1272262,1.30,45,"Pilita Seca","Comitán de Domínguez","✅ OK"
"La Represa",16.2523848,-92.1517774,1.55,45,"La Represa","Comitán de Domínguez","✅ OK"
"LA REPRESA",16.2523848,-92.1517774,1.55,45,"La Represa","Comitán de Domínguez","✅ OK"
"Laguna Larga",16.4197199,-92.25972,22.89,70,"N/A","Laguna Larga","❌ FUERA_DE_COMITAN"
"Las Chilcas",16.2431301,-92.1217041,1.87,45,"Yalchivol","Comitán de Domínguez","⚠️  SOSPECHOSA"
"Las Flores",16.2402716,-92.1502426,1.79,45,"Flores","Comitán de Domínguez","✅ OK"
"Las Granjas",16.2347403,-92.1339541,1.80,45,"Belisario Domínguez Primera Sección","Comitán de Domínguez","⚠️  SOSPECHOSA"
"Las Lajitas",16.263308,-92.1346669,1.44,45,"Tepeyac","Comitán de Domínguez","⚠️  SOSPECHOSA"
"Las Tinajas",16.2618099,-92.131931,1.38,45,"El Cedro","Comitán de Domínguez","⚠️  SOSPECHOSA"
"Latino Americana",16.2431301,-92.1217041,1.87,45,"Yalchivol","Comitán de Domínguez","⚠️  SOSPECHOSA"
"LATINO AMERICANA",16.2431301,-92.1217041,1.87,45,"Yalchivol","Comitán de Domínguez","⚠️  SOSPECHOSA"
"Lázaro Cárdenas",16.2315276,-92.1300539,2.26,50,"Belisario Domínguez Primera Sección","Comitán de Domínguez","⚠️  SOSPECHOSA"
"Libertad",16.2344654,-92.1428761,1.89,45,"Libertad","Comitán de Domínguez","✅ OK"
"Libertad Campanario",16.2397867,-92.1436434,1.37,45,"Lomas del Sur","Comitán de Domínguez","⚠️  SOSPECHOSA"
"Linda Vista",16.2538164,-92.1189432,2.00,50,"San Agustín los Laureles","Comitán de Domínguez","⚠️  SOSPECHOSA"
"LINDA VISTA",16.257038,-92.126191,1.39,45,"Pilita Seca","Comitán de Domínguez","⚠️  SOSPECHOSA"
"Lindavista",16.2179329,-92.1147256,4.37,60,"Los Sabinos","Chichimá Acapetahua","❌ FUERA_DE_COMITAN"
"Lomas del Sur",16.2357286,-92.145178,1.85,45,"Lomas del Sur","Comitán de Domínguez","✅ OK"
"Lomas del Valle",16.2307824,-92.1510695,2.64,50,"N/A","Comitán de Domínguez","⚠️  SOSPECHOSA"
"Los Cipreses",16.2471639,-92.1226244,1.62,45,"Yalchivol","Comitán de Domínguez","⚠️  SOSPECHOSA"
"Los Desamparados",16.2513682,-92.1063683,3.31,50,"N/A","Comitán de Domínguez","⚠️  SOSPECHOSA"
"Los Lagos",16.2268822,-92.11519,3.55,50,"Los Sabinos","Comitán de Domínguez","⚠️  SOSPECHOSA"
"Los Lagos de Montebello",16.2239605,-92.1337338,2.99,50,"Colinas del Sol","Comitán de Domínguez","⚠️  SOSPECHOSA"
"Los Magueyes",16.2486219,-92.1238515,1.46,45,"Los Magueyes","Comitán de Domínguez","✅ OK"
"Los Olivos",16.2546788,-92.1246184,1.44,45,"Los Laureles","Comitán de Domínguez","⚠️  SOSPECHOSA"
"Los Pinos",16.2265172,-92.1316444,2.75,50,"Fraccionamiento Los Pinos","Comitán de Domínguez","✅ OK"
"Los Riegos",16.2319021,-92.1419553,2.14,50,"Popular Comitán","Comitán de Domínguez","⚠️  SOSPECHOSA"
"Los Robles",16.2322233,-92.1465592,2.27,50,"Los Robles","Comitán de Domínguez","✅ OK"
"Los Sabinos",16.2212129,-92.1082083,4.52,60,"N/A","Comitán de Domínguez","⚠️  SOSPECHOSA"
"LOS SABINOS",16.221755,-92.101984,4.96,60,"N/A","Comitán de Domínguez","⚠️  SOSPECHOSA"
"Luis Donaldo Colosio",16.2386657,-92.1454849,1.58,45,"Luis Donaldo Colosio","Comitán de Domínguez","✅ OK"
"Magueyes",16.2486219,-92.1238515,1.46,45,"Los Magueyes","Comitán de Domínguez","✅ OK"
"MAGUEYES",16.23215,-92.122437,2.60,50,"Belisario Domínguez Primera Sección","Comitán de Domínguez","⚠️  SOSPECHOSA"
"Mariano N Ruiz",16.229133,-92.1288063,2.56,50,"Belisario Domínguez Primera Sección","Comitán de Domínguez","⚠️  SOSPECHOSA"
"MARIANO N RUIZ",16.231497,-92.131146,2.23,50,"Belisario Domínguez Primera Sección","Comitán de Domínguez","⚠️  SOSPECHOSA"
"Mariano N Ruíz",16.2255136,-92.11925,3.40,50,"Mariano N. Ruiz","Comitán de Domínguez","✅ OK"
"Mariano Ruiz",16.229133,-92.1288063,2.56,50,"Belisario Domínguez Primera Sección","Comitán de Domínguez","⚠️  SOSPECHOSA"
"Maya",16.2446448,-92.1539263,1.88,45,"Maya","Comitán de Domínguez","✅ OK"
"Microondas",16.246386,-92.1269194,1.21,45,"Microondas","Comitán de Domínguez","✅ OK"
"MICROONDAS",16.246638,-92.127125,1.18,45,"Microondas","Comitán de Domínguez","✅ OK"
"Miguel Alemán",16.2179329,-92.1147256,4.37,60,"Los Sabinos","Chichimá Acapetahua","❌ FUERA_DE_COMITAN"
"Miramar",16.246463,-92.1190919,2.01,50,"Miramar","Comitán de Domínguez","✅ OK"
"MIRAMAR",16.246463,-92.1190919,2.01,50,"Miramar","Comitán de Domínguez","✅ OK"
"Monte Verde",16.2304483,-92.1449031,2.38,50,"Buenavista","Comitán de Domínguez","⚠️  SOSPECHOSA"
"MONTE VERDE",16.229668,-92.145081,2.47,50,"Buenavista","Comitán de Domínguez","⚠️  SOSPECHOSA"
"Nicalocok",16.2400183,-92.1388864,1.19,45,"Nicalocok","Comitán de Domínguez","✅ OK"
"Nicalokock",16.2400183,-92.1388864,1.19,45,"Nicalocok","Comitán de Domínguez","⚠️  SOSPECHOSA"
"NICALOKOCK",16.2400183,-92.1388864,1.19,45,"Nicalocok","Comitán de Domínguez","⚠️  SOSPECHOSA"
"Nuevo Belén",16.2665804,-92.1335116,1.82,45,"Bugambilias","Comitán de Domínguez","⚠️  SOSPECHOSA"
"Orquideas",16.2422311,-92.1492825,1.57,45,"Flores","Comitán de Domínguez","⚠️  SOSPECHOSA"
"ORQUIDEAS",16.2422311,-92.1492825,1.57,45,"Flores","Comitán de Domínguez","⚠️  SOSPECHOSA"
"Panteón Municipal",16.2406265,-92.1312953,1.29,45,"Calzada el Panteón","Comitán de Domínguez","✅ OK"
"Paraíso Chichima",16.2179329,-92.1147256,4.37,60,"Los Sabinos","Chichimá Acapetahua","❌ FUERA_DE_COMITAN"
"Paraíso Comiteco",16.2431301,-92.1217041,1.87,45,"Yalchivol","Comitán de Domínguez","⚠️  SOSPECHOSA"
"Pashton",16.2393412,-92.1532136,2.10,50,"El Rosario","Comitán de Domínguez","⚠️  SOSPECHOSA"
"PASHTON",16.2393412,-92.1532136,2.10,50,"El Rosario","Comitán de Domínguez","⚠️  SOSPECHOSA"
"Pashton Acapulco",16.2357185,-92.1643651,3.32,50,"N/A","Pashtón Acapulco","❌ FUERA_DE_COMITAN"
"PASHTON ACAPULCO",16.2357185,-92.1643651,3.32,50,"N/A","Pashtón Acapulco","❌ FUERA_DE_COMITAN"
"Paz",16.256882,-92.1248133,1.51,45,"San Agustín","Comitán de Domínguez","⚠️  SOSPECHOSA"
"Plaza Las Flores",16.2170699,-92.1143811,4.47,60,"N/A","Comitán de Domínguez","⚠️  SOSPECHOSA"
"PLAZA LAS FLORES",16.239708,-92.149686,1.79,45,"Flores","Comitán de Domínguez","✅ OK"
"Popular Comitán",16.2319021,-92.1419553,2.14,50,"Popular Comitán","Comitán de Domínguez","✅ OK"
"Portal de Hierro",16.2229615,-92.1490237,3.31,50,"N/A","Comitán de Domínguez","⚠️  SOSPECHOSA"
"Pozo Nuevo",16.2554457,-92.0652942,7.72,70,"N/A","Pozo Nuevo","❌ FUERA_DE_COMITAN"
"Prado",16.2383013,-92.1540324,2.24,50,"Bosques de Comitán 3a Sección","Comitán de Domínguez","⚠️  SOSPECHOSA"
"Primero de Mayo",16.2319021,-92.1419553,2.14,50,"Popular Comitán","Comitán de Domínguez","⚠️  SOSPECHOSA"
"Primero De Mayo",16.2333967,-92.1395002,1.93,45,"Primero de Mayo","Comitán de Domínguez","✅ OK"
"Pueblo",16.2347403,-92.1339541,1.80,45,"Belisario Domínguez Primera Sección","Comitán de Domínguez","⚠️  SOSPECHOSA"
"Puente Hidalgo",16.2448791,-92.1306012,0.97,45,"Puente Hidalgo","Comitán de Domínguez","✅ OK"
"PUENTE HIDALGO",16.228838,-92.133455,2.46,50,"Miguel Alemán","Comitán de Domínguez","⚠️  SOSPECHOSA"
"Ranchería",16.2347403,-92.1339541,1.80,45,"Belisario Domínguez Primera Sección","Comitán de Domínguez","⚠️  SOSPECHOSA"
"Residencial las Flores",16.2429823,-92.1379358,0.85,45,"La Pileta","Comitán de Domínguez","⚠️  SOSPECHOSA"
"Río Grande",16.291484,-92.1172274,5.03,60,"N/A","Señor del Pozo","❌ FUERA_DE_COMITAN"
"Rosario",16.2435692,-92.118592,2.15,50,"Las Chilcas","Comitán de Domínguez","⚠️  SOSPECHOSA"
"ROSARIO",16.2435692,-92.118592,2.15,50,"Las Chilcas","Comitán de Domínguez","⚠️  SOSPECHOSA"
"Sabinos",16.2212129,-92.1082083,4.52,60,"N/A","Comitán de Domínguez","⚠️  SOSPECHOSA"
"Salubridad",16.2431301,-92.1217041,1.87,45,"Yalchivol","Comitán de Domínguez","⚠️  SOSPECHOSA"
"San Agustin",16.2526435,-92.125999,1.24,45,"San Agustín","Comitán de Domínguez","✅ OK"
"SAN AGUSTIN",16.238185,-92.153874,2.24,50,"Bosques de Comitán 3a Sección","Comitán de Domínguez","⚠️  SOSPECHOSA"
"San Agustín",16.2526435,-92.125999,1.24,45,"San Agustín","Comitán de Domínguez","✅ OK"
"San Antonio",16.260575,-92.1306473,1.32,45,"San Antonio","Comitán de Domínguez","✅ OK"
"SAN ANTONIO",16.260538,-92.130616,1.32,45,"San Antonio","Comitán de Domínguez","✅ OK"
"San Francisco",16.2347403,-92.1339541,1.80,45,"Belisario Domínguez Primera Sección","Comitán de Domínguez","⚠️  SOSPECHOSA"
"San Francisco el Rincón",16.2794244,-92.1312149,3.27,50,"N/A","San Francisco el Rincón","❌ FUERA_DE_COMITAN"
"San Isidro Tinajab",16.2870957,-92.1104231,4.98,60,"N/A","San Isidro Tinajab","❌ FUERA_DE_COMITAN"
"SAN JOSE",16.236856,-92.133143,1.59,45,"Calzada el Panteón","Comitán de Domínguez","⚠️  SOSPECHOSA"
"San José Yocnajab",16.2522903,-92.0873591,5.35,60,"N/A","San José Yocnajab","❌ FUERA_DE_COMITAN"
"San Juan",16.4090752,-92.2899635,23.99,70,"N/A","San Juan","❌ FUERA_DE_COMITAN"
"San Martin",16.2435018,-92.1579173,2.33,50,"San Vicente Buenavista","Comitán de Domínguez","⚠️  SOSPECHOSA"
"SAN MARTIN",16.244917,-92.154127,1.89,45,"Maya","Comitán de Domínguez","⚠️  SOSPECHOSA"
"San Martín",16.2435018,-92.1579173,2.33,50,"San Vicente Buenavista","Comitán de Domínguez","⚠️  SOSPECHOSA"
"San Miguel",16.2595442,-92.1392092,1.01,45,"San Miguel","Comitán de Domínguez","✅ OK"
"SAN MIGUEL",16.264376,-92.137236,1.53,45,"Chapultepec","Comitán de Domínguez","⚠️  SOSPECHOSA"
"San Miguel Tinajab",16.2819751,-92.1033462,5.04,60,"N/A","San Miguel Tinajab","❌ FUERA_DE_COMITAN"
"San Rafael Chacaljemel",16.1667148,-92.1013086,10.09,70,"N/A","San Rafael Chacaljemel","❌ FUERA_DE_COMITAN"
"San Rafael Jocom",16.2974498,-92.1267828,5.33,60,"N/A","San Rafael Jocom","❌ FUERA_DE_COMITAN"
"SAN SEBASTIAN",16.238708,-92.116513,2.59,50,"Los Sabinos","Comitán de Domínguez","⚠️  SOSPECHOSA"
"San Vicente Buena Vista",16.2438519,-92.1562384,2.15,50,"San Martín","Comitán de Domínguez","⚠️  SOSPECHOSA"
"Santa Ana",16.2421432,-92.1468661,1.38,45,"Santa Ana Culanchuy","Comitán de Domínguez","✅ OK"
"SANTA ANA",16.2421432,-92.1468661,1.38,45,"Santa Ana Culanchuy","Comitán de Domínguez","✅ OK"
"Santa Ana Calanchuy",16.2421432,-92.1468661,1.38,45,"Santa Ana Culanchuy","Comitán de Domínguez","✅ OK"
"Santa Cecilia",16.2524343,-92.1468661,1.03,45,"Santa Cecilia","Comitán de Domínguez","✅ OK"
"SANTA CECILIA",16.233244,-92.142012,1.99,45,"Popular Comitán","Comitán de Domínguez","⚠️  SOSPECHOSA"
"Santa Cruz",16.2396843,-92.1594659,2.65,50,"Pashtón Acapulco","Comitán de Domínguez","⚠️  SOSPECHOSA"
"Santa María",16.2549583,-92.124235,1.49,45,"Los Laureles","Comitán de Domínguez","⚠️  SOSPECHOSA"
"Santa Rosalía",16.474935,-92.251347,27.75,70,"N/A","Santa Rosalía","❌ FUERA_DE_COMITAN"
"Señor del Pozo",16.2904372,-92.112079,5.19,60,"N/A","Señor del Pozo","❌ FUERA_DE_COMITAN"
"Siete Esquinas",16.2580863,-92.1330559,0.95,45,"Siete Esquinas","Comitán de Domínguez","✅ OK"
"SIETE ESQUINAS",16.2580863,-92.1330559,0.95,45,"Siete Esquinas","Comitán de Domínguez","✅ OK"
"Solidaridad Comiteca",16.2431301,-92.1217041,1.87,45,"Yalchivol","Comitán de Domínguez","⚠️  SOSPECHOSA"
"Tenam",16.2363048,-92.1574233,2.66,50,"Tenam","Comitán de Domínguez","✅ OK"
"TENAM",16.236481,-92.15369,2.34,50,"Tenam","Comitán de Domínguez","✅ OK"
"Tepeyac",16.2631304,-92.1340532,1.44,45,"Tepeyac","Comitán de Domínguez","✅ OK"
"Terrazas",16.240892,-92.1236654,1.82,45,"Yalchivol","Comitán de Domínguez","⚠️  SOSPECHOSA"
"Tikal",16.2431301,-92.1217041,1.87,45,"Yalchivol","Comitán de Domínguez","⚠️  SOSPECHOSA"
"Tinajas",16.2262329,-92.1120933,3.83,50,"La Tinajas","Comitán de Domínguez","✅ OK"
"TINAJAS",16.2262329,-92.1120933,3.83,50,"La Tinajas","Comitán de Domínguez","✅ OK"
"Tucanes",16.2347403,-92.1339541,1.80,45,"Belisario Domínguez Primera Sección","Comitán de Domínguez","⚠️  SOSPECHOSA"
"Unidad habitacional",16.2347403,-92.1339541,1.80,45,"Belisario Domínguez Primera Sección","Comitán de Domínguez","⚠️  SOSPECHOSA"
"Valle Balún Canan",16.2253177,-92.1388864,2.82,50,"Valle Balun Canan","Comitán de Domínguez","✅ OK"
"Valle de Sabines Guerrero",16.2276135,-92.1374638,2.56,50,"Valle Balun Canan","Comitán de Domínguez","✅ OK"
"Vicente Fox",16.2431301,-92.1217041,1.87,45,"Yalchivol","Comitán de Domínguez","⚠️  SOSPECHOSA"
"Villahermosa Yalumá",16.3374724,-92.0806347,11.40,70,"N/A","Santiago","❌ FUERA_DE_COMITAN"
"Yajalon",16.2347403,-92.1339541,1.80,45,"Belisario Domínguez Primera Sección","Comitán de Domínguez","⚠️  SOSPECHOSA"
"Yalchivol",16.2401899,-92.1217041,2.04,50,"Yalchivol","Comitán de Domínguez","✅ OK"
"YALCHIVOL",16.235321,-92.156889,2.69,50,"Tenam","Comitán de Domínguez","⚠️  SOSPECHOSA"
"Yaltzi 3 Lagunas",16.2975851,-92.2593466,14.03,70,"N/A","Yaltzi Tres Lagunas","❌ FUERA_DE_COMITAN"
"Zaragoza La Montaña",16.4166699,-92.2052799,19.84,70,"N/A","Zaragoza la Montaña","❌ FUERA_DE_COMITAN"
"Zona federal",16.2347403,-92.1339541,1.80,45,"Belisario Domínguez Primera Sección","Comitán de Domínguez","⚠️  SOSPECHOSA"
"Zona Militar 15 Regimiento",16.2132673,-92.1312149,4.20,60,"Chichima Concepción","Comitán de Domínguez","⚠️  SOSPECHOSA"